English Idiom,Farsi Idiom
A dime a dozen,____ __ ___
Bite the bullet,_____ ___ ___ ______
Get out of hand,__ ______ __ ____!
Go back to the drawing board,_____ __ ____ _ ___
It’s not rocket science,_____ _______ ___ ___
"No pain, no gain",______ ___ ___ ____ ______
Speak of the devil,__ ____ ____!
To get bent out of shape,__ _ ____ ______ ___!
To make matters worse,___ ____ ___
A bird in the hand is worth two in the bush,____ ___ _____ __ __ _____ ____ ____
A picture is worth 1000 words,_____ __ ___ _____ ____ 
Add insult to injury,___ ____ __ ____
Birds of a feather flock together,_____ __ _____ ___ __ ___
Bite off more than you can chew,____ ______ __ ___ ___ _______
By the skin of your teeth,__ ___ _ _____
Comparing apples to oranges,____ __ ______
Costs an arm and a leg,____ _______
Do unto others as you would have them do unto you,_ __ ____ ___ _______ ____ ______ __ _____
Don’t count your chickens before they hatch,____ __ ___ _____ ______
Don’t cry over spilt milk,__ ____ ___ ______ __ ___
Every cloud has a silver lining,__ ______ ___ ____ ___
Give someone the cold shoulder,__ ____ ____
Good things come to those who wait,__ ___ ___ _ ____ ____ ____
Hit the nail on the head,___ __ ___
Ignorance is bliss,__ ____ ___ ____
It’s a piece of cake,___ __ _____!
Kill two birds with one stone,__ __ ___ __ ____ ___!
Look before you leap,______ __ __ ___
On thin ice,___ _ ___
Saving for a rainy day,_____ ____ ___ _____
The devil is in the details,____ ___ _____ __ ___ ___ ___
The early bird gets the worm,______ ___ __ ______ ____
You can’t have your cake and eat it too,"__ __ __ ________ __ ____ __!"
Familiarity breeds contempt,____ _ _____
Haste makes waste,____ ___ ______
It is a poor workman who blames his tools,____ ___ ____ _____ ____ ____ ___
It is always darkest before the dawn,_____ __ ___ ____ ___
Leave no stone unturned,___ ____ ___ _ ____
Out of the frying pan and into the fire,__ ____ __ ___ ______
Shape up or ship out,__ __ ____ _____ _____ ___
The pot calling the kettle black,___ __ _____ ____ ___ ____
Time is money,___ _____
Zip your lip,___ ____ _____
where there is a will there is a way,______ _______ ___
he beats a dead horse,__ __ ____ ______
after death the doctor,___ ____ ___ __ ___ _____
"when you are in Rome,do as the Romans do",_____ ____ ____ _____ _____ __
knowledge is power,_____ ___ ____ ____ ___
all roads lead to Rome,__ ____ ___ _____ ____ ____
fish in troubled waters,__ __ __ ____ ____ _____
everyone is in the same boat,___ _ __ __ __ __ _____
take the plunge,__ __ _______
"easy comes,easy goes",___ _____ __ ___ __ ___
no news is good news,__ ____ ___ ____ ___
all is well that ends well,_______ ____ ___ ___
all that glitters is not gold,__ ____ __ ____ ___ ___
the blind leading the blind,____ __ _____ ___ ___
don’t look a gift horse in the mouth,_____ ___ ___ ___ __ ___ ______
many hands make light work,__ ___ ___ _____
The shoemaker’s wife goes the worst shod,____ __ __ ____ _____ __ __ ____
To get out of bed on the wrong side,__ ____ __ _______
one swallow does not make summer,__ __ __ ____ ___ ___
"Light come, light go",___ _____ __ ___ __ ___
His bread is buttered on both sides,____ __ ____ ___
Like a duck in thunderstorm,___ __ __ __ _____
To have a finger in every pie,____ __ ___ ____
There is no smoke without fire,__ _____ _____ ____ ______ _____
A burnt child dreads the fire,________ __ ______ ____ _ ____ __ ____
The devil take him.,___ __ ____
He robs his belly to cover his back.,__ ____ ____ ___ __ ___ ___ _____.
Strike while the iron is hot.,__ ____ ___ ___ ___ __ ______.
Cut your coat according to your cloth,____ __ __ _______ _____ ____ __.
He is on his last leg,____ __ ___ ___.
In the nick of time,__ ______
Harp on one string,__ ___ __ ___ ____
Come rain or shine,___ ___ __ _____ ___ _____
You can say that again,___ __ ____ _____/ ___ __ ___/ __ ____
Cutting corners,__ _ ___ __ __ _____
.A snake in the grass,___ ___ __ _ ___
.Add fuel to the fire,____ ____ _____
.Barking up the wrong tree,"___ ____ __ ____ __ ___ ____ ____ _____"
"Another day, another dollar","___ __ ___ ____ __ __"
"Too many cooks, spoil the broth.","____ __ __ __ ___ __ __ ___ _____ __ ______."
"Barking dogs, seldom bite.",___ ____ _____ _____.
Old habits die hard.,___ ____ ____ ___ ___.
Beauty is in the eye of the beholder.,___ ____ __ ___ ___ _____ ____.
"A friend in need, is a friend indeed.",____ __ ___ __ ____ ___ ____.
The grass is always greener on the other side of the fence.,___ ______ ____.
When the dust has settled.,____ ___ __ _____ _____.
A word before is worth two after.,___ ___ __ __ ___ ___.
What goes around comes around.,"__ __ ___ ____ __ ____ ___ _______."
Whatever comes up is welcomed.,__ __ ___ ___ ___ ___.
Ask much to have a little.,__ ___ ____ __ __ __ ____ ___.
Always have two strings to your bow.,___ __ _________ ___ _______.
All abroad and nothing at home.,"___ _____ __ ____."
"Much coin, much care.","__ __ ____ ____ ____ _____."
The sky will not fall in.,__ __ __ ____ ______ ____.
Money doesn’t grow on trees.,___ ___ ___ ____.
Seeking water in the sea.,__ __ ____ _ __ _________ ________.
You may end him but you’ll not mend him.,____ ___ ____.
You pay your money and you take your chance.,"__ ____ ___ ____ ________ __ _______."
"You want something done right, do it yourself.",__ _____ ___ __ __ ____ _____ __.
You can’t keep a man down.,______ _______ ___.
"See no evil, hear no evil, speak no evil.","___ _____ _____."
I am scrapping the bottom of the barrel.,______ __ __ ___ _____.
You must lie on the bed you have made.,___ ____ __ _____ ____.
You are a backseat driver.,____ ___ _____ _____ ____ __.
You may know by a handful the whole sack.,___ _______ ______.
You can’t dance at two weddings.,________ __ __ ___ __ __ _______ ______.
You must grin and bear it.,____ _____ _ _____.
Slow and steady wins the race.,____ __ ___ __ _____ _ ______ ___
"The little ants, the swift-runners",____ ____ __ ____ ____ ____ __ ____
.A stitch in time saves nine,____ ___ __ __ ____ _____ _____ ___.
.You can’t mend a broken egg,__ ____ __ ___ __ _____.
.Charity begins at home,_____ __ __ ____ _____ __ ____ ____ ___.
.Nothing hurts like the truth,_____ ___ ___.
.The cat dreams of mice,___ __ ____ ____ ____ ____.
God helps those who help themselves,__ __ ____ __ ___ ____.
I’ll cook your goose,___ ____ ____ __ ___ ____ ___ ____
"First come, first served",_____ __ ____.
I’m all ears,_____ ____
From A to Z,__ ___ __ ____
The apple never falls far from the tree,___ __ ____ __ __
Dreams go by contraries,____ __ ___
Many a little make a mickle,____ ____ ___ _____ ______ ____ ___.
Don’t speak of secrets in a field that is full of little hills,_____ ___ ____. ___ __ ___ ____.
Don’t bite the hand that feed you,___ _____ _ ______ _____
Take a chance while it is available,____ __ ___ __ ____ ___ __ ______
Rome was not built in a day,__ ___ ___ _ ____ ____ ____.
"In for a penny, in for a pound",__ __ __ __ ____ __ __ ___ __ __ ___
It is all up with him,__ __ ___ _____
Between pillar and post there maybe rescue,__ ___ ____ __ __ ____ ___ ___
"He refuses the bride, but puts forth his hand",__ __ __ __ ___ __ ___ ___ __ ___
"Out of sight, out of mind",__ __ ____ __ ____ __ ____ ___
Union is strength,__ ___ ___ _____
He kills a man with cushion,__ ____ __ __ ___
He laughs in one’s face and cuts his throat,__ ____ __ __ ___
Between two stools one falls to the ground,__ __ ___ __ _______ ___ ____ ______
Cattle do not die from the cow’s cursing,__ ____ ____ _____ _____ ___ ___
Mills will not grind if you give them not water,__ ____ ____ ___
Great boast little toast,__ ____ ___ ____
"Physician, heal thyself",__ __ ______ ____ ___ _____ ______
One can’t make war with rose water,___ ____ ____ ___ ___ ____
Short accounts make long friends,____ ____ ___ ____ _____
"A jar’s mouth may be stopped, a man’s cannot","__ ______ __ __ ____ ____ ___ ____ __ ___ ____ ___"
Every rogue is at length outrogued,___ _____ ___ _____ ___
Coming events cast their shadows before,____ __ _____ __ _____ ______
Seeing is believing,_____ __ ___ _____ ____
Still waters run deep,____ ____ __ ____ ____ ____ __ ____
There is honour among thieves,____  ____ ____ __ ___ ___
A great ship must have deep water,"__ __ ____ ____ ____ _____"
Better be alone than in bad company,___ __ ____ ___ __ ___ __
To steer a middle course,__ ___ _ ____
Practice makes perfect,___ ____ ____ __ __ ____ ___
He wouldn’t hurt a fly,_____ __ _____ __ ___ ___
Over my dead body,___ ____ __ ___ ___ __ __ ___
A cat has nine lives ,__ ___ ___ ____
A bad penny always comes back,___ __ ___ ___ _____
A fox smells its own lair first. and A fox smells its own stink first.,"___ __ __ ____ ____ ____ ____ ____ ______"
A jack of all trades is master of none.,________ _ ________
A journey of a thousand miles begins with a single step,____ ____ ___ ____ ______ ____ ___
A pot of milk is ruined by a drop of poison.,__ __ __ ___ ___ __ __ ______
A sound mind in a sound body.,___ ____ __ ___ ____ ___
A word spoken is past recalling.,____ __ ___ __ __ ___ ________
Absence makes the heart grow fonder,____ _ _____
All cats love fish but hate to get their paws wet.,"______ ____ ___ ____ _______"
All things come to he who waits.,__ ___ ___ _ ____ ____ ____
An ounce of prevention is worth a pound of cure.,_______ ____ __ _____ ___
"As you sow, so shall you reap.","____ ______ ____ _____"
"Better to be thought a fool, than to open your mouth and remove all doubt.","__ ___ ___ _____ _____ ___ _ ____ _____ ____"
Blood is thicker than water.,"_____ __ __ __ ____ ______ __ ____ ____ ___"
Cleanliness is next to Godliness,_______ _____ _____ ___
Clothes don’t make the man.,_____ __ ____ ___
Cross the stream where it is the shallowest.,_______ __ __ ___
Curiosity killed the cat,____ __ _____ ____ ___ _____ __ ___/_____ _____
Dance to a person’s tune,__ ___ ___ ______
Divide and rule,_____ ______ _ _____ __
Don’t change horses in midstream.,___ ____ ___ _____ ___
Don’t make a mountain out of a molehill.,"__ ____ ___ ____"
Don’t spit into the wind.,___ __ __ ____ ______
"East, west, home’s best",___ __ ____ ___ ___ _____
Hawks will not pick out hawks’ eyes,____ _____ ___ __ _________
He builds castles in the air,__ ______ ___ __ __ ____
He is made of money,___ ___ ____ ____
He that will steal an egg will steal an ox.,___________ ___ ___ ______.
He who lives by the sword shall die by the sword.,"___ ___ ___ ____ ___ ____ ___ ___"
"If the shoe fits, wear it.",___ __ ____ _____
It’s easy to be wise after the event,____ __ __ ___ ____ ___
It’s never too late to mend,____ ___ __ __ ____ _____ _____ ___
It’s not over till it’s over,____ __ ___ _____ _________
Keep a thing seven years and you will always find a use for it.,__ ___ __ ____ ___ _____ __ ___ ___
Laughter is the best medicine,____ __ __ ___ ________ _____
Like father like son,___ ___ _____ ____ __ ___
"Long absent, soon forgotten.",__ __ ____ __ __ __ __ ____ ____
Make love not war.,__ _____ ___ ____ ___ ________ ___ ________
Spare the rod and spoil the child,"__ _____ ___ ___ _____ ____ ___ _ __"
The best way to get even is to forget,__ ___ ____ ___ __ __ ______ ____
The mills of God grind slowly,___ ___ ___ _____
To carry coals to Newcastle,____ __ _____ ____
Tomorrow is another day,____ __ ___ _____